1,Asa,OrukArıcı,163,481,1527765705,nll
2,Mızrak,SeyranApo,118,495,1527928681,nll
3,Koçbaşı,ÖgetürkYeşilçayır,189,469,1527780616,nll
4,Kılıç,ŞermiDağtekin,109,454,1527763120,nll
5,Ok,CelayirŞenol,142,447,1527896861,nll
6,Döğen,TuğsavaşErçin,135,500,1527847062,nll
7,Ok,GülbaharBakay,111,439,1527920643,nll
8,Zıpkın,GünhanSelçuk,43,417,1527885105,nll
9,Topuz,SaraçAlkanalkaçidam,63,473,1527905408,nll
10,Bıçak,BeysunDurgun,161,430,1527881030,Sinan
11,Şimşir,MaksumTandoğan,193,475,1527819764,Mesut
12,Gürz,TebşireTokay,21,482,1527856565,nll
13,Rum ateşi,EbubekirKaryemez,200,498,1527931921,nll
14,Kalkan,HubeybAsel,30,414,1527864372,nll
15,Kukri,SiyasetKarçiçeği,91,444,1527897169,Mesut
16,Cirit,BedayiÇelikçoban,138,496,1527762839,nll
17,Balta,SiyasetKarçiçeği,85,406,1527904807,Mesut
18,Asa,İlknurTemel,5,427,1527777534,Sinan
19,Ok,SadıkaBirler,23,472,1527915883,nll
20,Mızrak,SeyranApo,184,401,1527844294,nll
21,Kamçı,MülayimTuttokmağı,82,476,1527894888,nll
22,Şimşir,TecimenAkçin,176,424,1527891933,nll
23,Şimşir,YenbuMumcu,9,420,1527913459,nll
24,Dart,OrukArıcı,47,407,1527886277,nll
25,Kamçı,EretnaYalçın,198,488,1527862792,nll
26,Gürz,TecimenAkçin,185,464,1527802882,nll
27,Ok,ÖztinerAytop,87,422,1527869836,nll
28,X-yay,TuğsavaşErçin,180,480,1527845212,Sinan
29,Zırh,NurullahÖzçeker,21,498,1527781835,nll
30,Tatar yayı,ŞühedaSandıkcı,10,464,1527786123,nll
31,X-yay,İlknurTemel,77,458,1527816211,nll
32,Sapan,ÖgetürkYeşilçayır,191,491,1527759564,nll
33,Hasta,AldemirÖzdeş,137,467,1527770748,nll
34,Hasta,BeysunDurgun,19,410,1527921268,Ahmet
35,Zıpkın,SevbanMeşe,36,401,1527879810,nll
36,Balta,BaydakKuvvetli,120,402,1527886457,nll
37,Gürz,HayrulnisaErtürkler,199,451,1527810478,nll
38,Cirit,ŞeküreKodaş,112,476,1527782988,nll
39,Sapan,TezalpTemir,50,477,1527847755,nll
40,Mızrak,SaygurKeserkaragöz,39,419,1527823865,nll
41,Şimşir,MuktedirOrmankıran,181,460,1527827178,nll
42,Ok,KaynakBarut,116,418,1527909811,nll
43,Ok,VarideUyar,60,465,1527923490,nll
44,Tatar yayı,SaygurKeserkaragöz,134,483,1527839928,nll
45,Kukri,MasumeYıldırımer,84,476,1527765296,nll
46,Cirit,MeftuneKırçil,31,403,1527846864,nll
47,Bumerang,AysunPaçacı,65,454,1527841781,nll
48,Yay,NurullahÖzçeker,185,485,1527798527,nll
49,Tatar yayı,ŞermiDağtekin,25,499,1527758549,nll
50,Miğfer,SeyranApo,189,497,1527807183,nll
51,Hançer,AysunPaçacı,134,424,1527821652,nll
52,Gürz,OrukArıcı,155,421,1527774039,nll
53,Zırh,SinemGülseren,59,430,1527858954,nll
54,Yay,EzheranOyucu,88,477,1527912758,nll
55,Zıpkın,AlaaddinBirler,9,437,1527924497,nll
56,Sapan,BerrinAykol,167,471,1527810189,nll
57,X-yay,AğaTurşucu,96,423,1527874882,nll
58,Hasta,HayrulnisaErtürkler,41,439,1527898788,Sinan
59,Asa,BedelAloğlu,4,433,1527888429,nll
60,Ok,TalutTaş,78,484,1527761927,nll
61,Sapan,KayaerKızmaz,12,436,1527766550,nll
62,Mızrak,MuktedirOrmankıran,128,427,1527810126,nll
63,Ok,ŞeküreKodaş,93,466,1527798983,nll
64,Yay,DoğanalpBozyurt,157,413,1527891663,nll
65,Gürz,AysenGürbüz,96,417,1527805949,nll
66,Hasta,VezirNacaroğlu,193,403,1527900603,nll
67,Zırh,GöknilYüksek,54,430,1527863994,nll
68,Dart,RükunetTüzünyeter,114,437,1527814276,nll
69,Kukri,HudeybiyeAvşar,102,434,1527833812,nll
70,Kılıç,TezalpTemir,40,401,1527898462,nll
71,Çekiç,VarışArslan,134,408,1527833572,nll
72,Kukri,OnulAndiç,2,403,1527790863,nll
73,Hançer,HacibKürtoğlu,198,435,1527804590,nll
74,Zıpkın,HudeybiyeAvşar,95,474,1527838167,nll
75,Dart,OnulAndiç,33,481,1527795332,Sinan
76,Mızrak,FehimeOyan,21,495,1527774242,nll
77,Bumerang,AldemirÖzdeş,100,401,1527842656,nll
78,Kılıç,SafderBurak,5,494,1527811301,nll
79,Hançer,BerrinAykol,200,433,1527889365,Sinan
80,Kalkan,SebreKale,16,406,1527823478,nll
81,Miğfer,OrukArıcı,189,465,1527925602,nll
82,Miğfer,ErboyBilen,16,437,1527886503,nll
83,Bumerang,DoğanalpBozyurt,193,419,1527891852,Mesut
84,Bumerang,ErboyBilen,200,454,1527813370,nll
85,Tatar yayı,HayrulnisaErtürkler,87,404,1527809787,Ahmet
86,X-yay,ŞehmuzTozar,116,436,1527896000,nll
87,Katar,SevnurÇatma,53,496,1527815155,nll
88,Cirit,DanaBozdağtulum,181,414,1527762548,Ahmet
89,Koçbaşı,ŞermiDağtekin,137,413,1527774125,nll
90,Bıçak,HudeybiyeAvşar,117,409,1527772102,nll
91,Katar,ŞehmuzTozar,198,481,1527867226,nll
92,Cirit,ÖzdağTekbaş,110,428,1527890464,nll
93,Şimşir,FericanGözükara,183,474,1527854416,Ahmet
94,Katar,SinemGülseren,182,481,1527826224,nll
95,Zırh,MuktedirOrmankıran,69,498,1527809489,nll
96,Zırh,AğaTurşucu,77,490,1527833191,nll
97,Sopa,HudeybiyeAvşar,90,456,1527782546,nll
98,Sapan,MünzirBirşey,76,448,1527829717,nll
99,Mızrak,AldemirÖzdeş,63,422,1527928502,nll
100,X-yay,VezirNacaroğlu,148,491,1527890746,nll
101,Döğen,TemaşaKorucu,148,485,1527809878,nll
102,Yay,OrkutayÖzdil,118,469,1527780257,nll
103,Yay,BerrinAykol,21,438,1527929515,nll
104,Ok,SevnurÇatma,2,421,1527916921,nll
105,Kılıç,BerrinAykol,165,477,1527916695,nll
106,Hançer,ŞiremSoğukpınar,92,408,1527923671,nll
107,Gürz,ErboyBilen,75,488,1527893044,nll
108,X-yay,TebşireTokay,171,424,1527787008,nll
109,Rum ateşi,KırdarBaydar,30,407,1527863864,nll
110,Kukri,SadıkaBirler,7,490,1527908353,nll
111,Topuz,MeknunÖzergündüz,25,401,1527882912,nll
112,Sapan,HayrulnisaErtürkler,187,429,1527887598,nll
113,Zıpkın,KunterBiler,79,445,1527787141,nll
114,Katar,OrkutayÖzdil,181,476,1527796718,nll
115,Kamçı,MülayimTuttokmağı,60,478,1527812945,nll
116,Mızrak,NasrullahDemirdil,88,415,1527903107,Ahmet
117,Döğen,TalutTaş,154,477,1527894376,nll
118,Kılıç,TüneyKayacı,158,465,1527759041,nll
119,Döğen,GülbaharBakay,176,444,1527929614,nll
120,Kalkan,UserLüle,89,474,1527884178,nll
121,Sopa,ŞiremSoğukpınar,125,483,1527909242,Mesut
122,Sopa,NasrullahDemirdil,185,497,1527774263,nll
123,Hançer,HayrulnisaErtürkler,117,405,1527916608,nll
124,Kukri,VarideUyar,57,414,1527870478,nll
125,Hasta,TecimenAkçin,112,401,1527912019,nll
126,Hasta,BaşakÖdemiş,32,460,1527845998,nll
127,Asa,MuradSarıdağ,50,424,1527901688,nll
128,Çekiç,EzheranOyucu,63,400,1527889066,nll
129,Sopa,VezirNacaroğlu,76,400,1527789275,nll
130,Asa,OrkutayÖzdil,158,418,1527773224,nll
131,Mızrak,BerrinAykol,142,472,1527771576,nll
132,Döğen,GöknilYüksek,160,489,1527763569,nll
133,Dart,BeysunDurgun,8,439,1527806249,nll
134,Miğfer,SaraçAlkanalkaçidam,39,491,1527762504,nll
135,Kalkan,YenbuMumcu,53,449,1527923076,nll
136,Mızrak,FehimeOyan,96,416,1527889565,nll
137,Bumerang,HubeybAsel,111,442,1527843373,nll
138,Sopa,FericanGözükara,10,416,1527921716,nll
139,Mızrak,MünzirBirşey,13,495,1527885616,nll
140,Zırh,ArtimurTomak,184,467,1527788188,nll
141,Dart,ŞeküreKodaş,173,463,1527866681,nll
142,Cirit,ErboyBilen,41,405,1527788308,nll
143,Koçbaşı,OrukArıcı,40,455,1527801394,nll
144,Hançer,TüneyKayacı,195,462,1527842472,Mesut
145,Tatar yayı,OnulAndiç,77,430,1527917182,nll
146,Cirit,TuğsavaşErçin,27,404,1527800972,nll
147,Miğfer,MasumeYıldırımer,11,465,1527893534,nll
148,Zıpkın,AğaTurşucu,8,466,1527904408,nll
149,Bıçak,VarideUyar,128,429,1527801429,nll
150,X-yay,OrukArıcı,128,473,1527824706,nll
151,Yay,MemunNorgaz,155,495,1527928791,nll
152,Kolçak,NasrullahDemirdil,140,406,1527768131,nll
153,Zıpkın,ZiverbeyÖztemiz,11,415,1527867488,nll
154,Kolçak,TemaşaKorucu,93,416,1527891365,nll
155,Döğen,MuradSarıdağ,19,416,1527792565,nll
156,Gürz,MuradSarıdağ,182,438,1527777136,nll
157,Kamçı,BeysunDurgun,35,412,1527779230,nll
158,Katar,SaygurKeserkaragöz,13,498,1527871629,nll
159,Asa,HudeybiyeAvşar,43,412,1527873307,nll
160,X-yay,CannurTubay,66,426,1527911796,nll
161,Asa,MalikKarul,195,458,1527760103,nll
162,Mızrak,HubeybAsel,160,433,1527778293,nll
163,Balta,EzheranOyucu,125,464,1527827738,nll
164,Miğfer,SafderBurak,73,454,1527813781,nll
165,Sapan,OnulAndiç,139,487,1527774180,nll
166,Koçbaşı,ZahireAçıkgöz,83,483,1527776735,nll
167,Balta,SafderBurak,114,486,1527903970,nll
168,Bıçak,MalikKarul,170,437,1527776980,nll
169,X-yay,FericanGözükara,179,474,1527763636,nll
170,Cirit,OrukArıcı,51,432,1527887877,nll
171,Asa,MütealAğdemir,15,443,1527867332,nll
172,Mızrak,OrukArıcı,199,443,1527840456,nll
173,Tatar yayı,RükunetTüzünyeter,187,476,1527813755,nll
174,Kılıç,CannurTubay,131,417,1527786762,nll
175,Sopa,SeyranApo,107,455,1527772979,Ahmet
176,Hançer,RükunetTüzünyeter,191,474,1527834970,nll
177,Rum ateşi,OrkutayÖzdil,170,444,1527789949,nll
178,Bumerang,ÖzdağTekbaş,85,438,1527904777,nll
179,Miğfer,TuğsavaşErçin,113,474,1527839152,nll
180,Gürz,SeyranApo,25,451,1527874256,nll
181,Kukri,TezalpTemir,160,429,1527929230,nll
182,Kolçak,OrkutayÖzdil,62,435,1527781371,nll
183,Zıpkın,MuradSarıdağ,1,439,1527926656,nll
184,Bumerang,SebreKale,13,482,1527867464,nll
185,Kamçı,KunterBiler,182,468,1527783861,nll
186,Bıçak,CannurTubay,110,424,1527804326,nll
187,Kamçı,AlametBelgen,10,428,1527853356,nll
188,Rum ateşi,GülbaharBakay,32,488,1527913768,nll
189,Sopa,ÖztinerAytop,178,406,1527766934,nll
190,Döğen,ŞahsınurArpacı,51,485,1527789284,nll
191,Koçbaşı,FahriyeGülüm,92,407,1527871606,nll
192,Kılıç,ZahireAçıkgöz,135,481,1527930599,nll
193,Kalkan,RükunetTüzünyeter,29,431,1527879889,nll
194,Hasta,MeknunÖzergündüz,45,422,1527821154,Ahmet
195,Bıçak,ŞeküreKodaş,21,409,1527765710,nll
196,Kamçı,ŞühedaSandıkcı,192,465,1527854312,nll
197,Asa,SaygurKeserkaragöz,55,469,1527805996,nll
198,Bumerang,ErboyBilen,114,403,1527780675,nll
199,Topuz,MeftuneKırçil,139,426,1527785905,nll
200,Katar,OnulAndiç,46,460,1527789833,nll
201,Zıpkın,FericanGözükara,136,450,1527874714,nll
202,Döğen,TüneyKayacı,32,453,1527911940,nll
203,Tatar yayı,GünhanSelçuk,172,414,1527841762,nll
204,Rum ateşi,KayaerKızmaz,33,410,1527791957,nll
205,Sopa,NurullahÖzçeker,184,500,1527773915,nll
206,Rum ateşi,BigeAktaşgil,39,462,1527848231,nll
207,Mızrak,MülayimTuttokmağı,51,438,1527900382,nll
208,Kalkan,MalikKarul,43,466,1527893938,Mesut
209,Zırh,EdrisMirza,78,451,1527894325,nll
210,Sapan,FericanGözükara,144,499,1527755500,nll
211,Bıçak,İberBirdir,59,480,1527915050,nll
212,Sopa,ErboyBilen,38,411,1527896378,nll
213,Miğfer,FericanGözükara,135,458,1527926531,nll
214,Rum ateşi,FericanGözükara,76,429,1527811462,nll
215,Hançer,DoğanalpBozyurt,191,417,1527760025,nll
216,Bıçak,MuktedirOrmankıran,184,482,1527804011,nll
217,Kolçak,BedayiÇelikçoban,26,430,1527885806,nll
218,Bıçak,EbubekirKaryemez,27,475,1527894509,nll
219,Ok,TüneyKayacı,158,438,1527788866,Mesut
220,Gürz,ŞehmuzTozar,3,478,1527779559,nll
221,Kolçak,SadıkaBirler,8,474,1527908874,nll
222,Bıçak,ÖzdağTekbaş,53,483,1527851923,Ahmet
223,Yay,ŞermiDağtekin,175,460,1527913173,nll
224,Kılıç,ÇığBoyraz,186,486,1527880739,nll
225,Sopa,AldemirÖzdeş,57,467,1527811410,Sinan
226,Asa,HubeybAsel,45,456,1527852845,nll
227,Koçbaşı,MütealAğdemir,39,461,1527799600,nll
228,Sopa,ÖzdağTekbaş,57,419,1527830622,nll
229,Katar,MütealAğdemir,24,448,1527798398,nll
230,Katar,RükunetTüzünyeter,39,425,1527806938,nll
231,Mızrak,SeyranApo,162,432,1527877090,nll
232,Döğen,SevbanMeşe,173,405,1527885921,nll
233,Katar,BeysunDurgun,102,428,1527760807,nll
234,Sapan,TalutTaş,162,472,1527904365,nll
235,Koçbaşı,HacibKürtoğlu,95,439,1527833578,Ahmet
236,Yay,RükunetTüzünyeter,77,447,1527800563,nll
237,Bumerang,ÖgetürkYeşilçayır,101,461,1527804202,nll
238,Sapan,SebreKale,119,444,1527828220,nll
239,Topuz,TezalpTemir,53,468,1527897882,nll
240,Zırh,NasrullahDemirdil,200,491,1527870874,nll
241,Sapan,MuradSarıdağ,114,471,1527860126,nll
242,Hançer,GöknilYüksek,64,444,1527794725,nll
243,Hançer,KayaerKızmaz,119,445,1527863103,nll
244,Sopa,HayrulnisaErtürkler,138,454,1527868799,nll
245,Şimşir,EzheranOyucu,46,459,1527779239,nll
246,Cirit,FahriyeGülüm,128,418,1527912688,nll
247,Dart,SaygurKeserkaragöz,102,494,1527860899,nll
248,Katar,TemaşaKorucu,182,406,1527918084,nll
249,Koçbaşı,EzheranOyucu,22,417,1527824605,Mesut
250,Kılıç,DoğanalpBozyurt,30,419,1527873427,nll
251,Yay,VezirNacaroğlu,21,474,1527771623,nll
252,Miğfer,AysunPaçacı,130,406,1527835978,nll
253,Yay,MeftuneKırçil,189,476,1527865634,Sinan
254,Hançer,HüsrevSavaşlı,98,465,1527819926,nll
255,Kılıç,BeysunDurgun,191,487,1527928706,nll
256,Miğfer,RükunetTüzünyeter,143,489,1527928186,nll
257,Ok,TüneyKayacı,153,422,1527900011,nll
258,Bıçak,ÖzdağTekbaş,20,458,1527915440,nll
259,Mızrak,BigeAktaşgil,158,431,1527808610,nll
260,Topuz,BeysunDurgun,62,404,1527826261,nll
261,Katar,TecimenAkçin,199,481,1527776398,nll
262,Ok,FahriyeGülüm,134,491,1527791608,nll
263,Yay,OnulAndiç,142,450,1527797383,Mesut
264,Ok,MasumeYıldırımer,149,500,1527909370,nll
265,Sopa,İlknurTemel,87,481,1527761163,nll
266,Kamçı,MünzirBirşey,7,414,1527933174,nll
267,Koçbaşı,MeftuneKırçil,28,496,1527831648,nll
268,Asa,KayaerKızmaz,99,492,1527801297,nll
269,Kılıç,SeyranApo,73,407,1527909629,nll
270,Sapan,SiyasetKarçiçeği,142,466,1527895801,nll
271,Kamçı,TemaşaKorucu,173,473,1527845198,nll
272,Hançer,BaşakÖdemiş,78,426,1527834047,Sinan
273,Topuz,SinemGülseren,131,451,1527814505,nll
274,Rum ateşi,MeknunÖzergündüz,184,491,1527902309,nll
275,Kolçak,ÖzdağTekbaş,80,400,1527795716,nll
276,Hasta,MünzirBirşey,98,427,1527792580,nll
277,Katar,EretnaYalçın,1,494,1527870376,nll
278,Miğfer,SebreKale,196,451,1527765871,Mesut
279,Katar,DanaBozdağtulum,132,410,1527832847,nll
280,Bumerang,TebşireTokay,80,424,1527830882,nll
281,Rum ateşi,ÖzdelPilten,200,459,1527831259,nll
282,Miğfer,ErboyBilen,84,480,1527909784,nll
283,Döğen,SeyranApo,98,484,1527866173,nll
284,Ok,VarışArslan,105,449,1527774125,nll
285,Çekiç,MülayimTuttokmağı,41,403,1527920420,nll
286,Yay,MuktedirOrmankıran,173,414,1527792477,nll
287,Zıpkın,TebşireTokay,123,407,1527806877,nll
288,Asa,MeftuneKırçil,185,401,1527822626,nll
289,Kalkan,KunterBiler,175,466,1527902667,nll
290,Miğfer,MeftuneKırçil,121,455,1527806608,nll
291,Kılıç,MeftuneKırçil,48,476,1527814427,nll
292,Hançer,ZehrevanGözükara,146,443,1527799807,nll
293,Mızrak,OykutKaraçoban,186,424,1527917868,nll
294,Katar,ZehrevanGözükara,50,448,1527904562,nll
295,Kamçı,BaşakÖdemiş,78,415,1527865604,Ahmet
296,Zırh,İlknurTemel,175,417,1527797665,nll
297,Kukri,MalikKarul,147,456,1527856515,nll
298,Gürz,SebreKale,178,453,1527932424,nll
299,Tatar yayı,OykutKaraçoban,176,495,1527848167,nll
300,Gürz,VarışArslan,56,500,1527793317,nll
301,Sopa,HudeybiyeAvşar,177,408,1527921179,nll
302,Hançer,TufeylMutlu,196,428,1527916900,nll
303,Balta,ZiverbeyÖztemiz,172,405,1527914278,nll
304,Mızrak,HacibKürtoğlu,145,439,1527879764,nll
305,Yay,OrukArıcı,77,418,1527867558,nll
306,Sapan,CelayirŞenol,159,420,1527882935,nll
307,Rum ateşi,OykutKaraçoban,109,406,1527795808,Sinan
308,Kamçı,SafderBurak,120,471,1527861527,nll
309,Kukri,ŞehmuzTozar,117,428,1527885900,Sinan
310,Kolçak,ZahireAçıkgöz,142,410,1527768721,nll
311,Kılıç,KaynakBarut,128,475,1527850340,nll
312,Kılıç,İlknurTemel,173,442,1527759143,nll
313,Koçbaşı,BerrinAykol,195,443,1527934403,nll
314,Koçbaşı,VezirNacaroğlu,193,472,1527780401,nll
315,Kalkan,FericanGözükara,45,471,1527892680,nll
316,Hasta,VarışArslan,199,491,1527806631,nll
317,Balta,ZevahirButanri,15,420,1527862149,nll
318,Kukri,MasumeYıldırımer,183,460,1527890079,nll
319,Sopa,OnulAndiç,186,499,1527825428,nll
320,Döğen,EdrisMirza,184,436,1527850453,nll
321,Dart,TufeylMutlu,90,445,1527839792,nll
322,Hasta,ÖzdelPilten,22,402,1527762139,nll
323,Cirit,KayaerKızmaz,6,461,1527889326,nll
324,Kalkan,TezalpTemir,57,417,1527787650,nll
325,Çekiç,SelvihanÇilek,192,470,1527927242,nll
326,Cirit,AysenGürbüz,180,460,1527918999,nll
327,Zıpkın,ÖzdağTekbaş,184,404,1527782235,nll
328,Döğen,GülbaharBakay,23,424,1527821926,nll
329,Şimşir,ŞühedaSandıkcı,24,424,1527911842,nll
330,Hasta,OnulAndiç,97,499,1527851797,nll
331,Asa,SadıkaBirler,121,417,1527767220,nll
332,Rum ateşi,ZiverbeyÖztemiz,60,400,1527811447,nll
333,Sopa,ÖzdelPilten,95,421,1527807729,nll
334,Gürz,TufeylMutlu,17,500,1527780147,nll
335,Kolçak,FericanGözükara,175,426,1527825996,nll
336,Gürz,KayaerKızmaz,144,454,1527789750,nll
337,Bumerang,BigeAktaşgil,112,409,1527778221,Sinan
338,Katar,SafderBurak,46,429,1527803976,nll
339,Zırh,SadıkaBirler,39,486,1527930900,Sinan
340,Kamçı,SiyasetKarçiçeği,64,439,1527836432,nll
341,Kalkan,AlametBelgen,75,415,1527904725,nll
342,Kukri,TalutTaş,174,456,1527850484,nll
343,Mızrak,MaksumTandoğan,49,498,1527770358,nll
344,Döğen,ŞermiDağtekin,35,420,1527819942,nll
345,Rum ateşi,AldemirÖzdeş,24,433,1527825606,Sinan
346,Kalkan,NasrullahDemirdil,157,425,1527827731,nll
347,Cirit,HudeybiyeAvşar,62,428,1527854602,nll
348,X-yay,HudeybiyeAvşar,66,424,1527833085,Mesut
349,Kukri,SelvihanÇilek,196,428,1527871576,nll
350,Cirit,TecimenAkçin,126,411,1527844442,nll
351,Kamçı,MeftuneKırçil,16,478,1527764186,nll
352,Sapan,ÖgetürkYeşilçayır,108,451,1527930725,nll
353,Hançer,MaksumTandoğan,195,421,1527853713,nll
354,Döğen,MeknunÖzergündüz,117,487,1527813798,nll
355,Sapan,HacibKürtoğlu,169,420,1527931017,nll
356,Tatar yayı,SaraçAlkanalkaçidam,64,410,1527892138,nll
357,Kalkan,GülbaharBakay,15,430,1527887001,nll
358,Zırh,MülayimTuttokmağı,83,467,1527815799,nll
359,Miğfer,MemunNorgaz,173,467,1527888454,nll
360,Topuz,TufeylMutlu,19,480,1527781473,nll
361,Balta,ŞühedaSandıkcı,125,470,1527899671,nll
362,Rum ateşi,VarideUyar,114,445,1527918103,nll
363,Kolçak,BaşakÖdemiş,11,472,1527828203,nll
364,X-yay,ŞühedaSandıkcı,125,434,1527867317,nll
365,Kılıç,SaraçAlkanalkaçidam,176,480,1527880379,nll
366,Bumerang,TalutTaş,156,438,1527791474,nll
367,Ok,MeknunÖzergündüz,130,459,1527841641,nll
368,Miğfer,ZevahirButanri,9,484,1527780552,nll
369,Gürz,CelayirŞenol,70,468,1527766439,nll
370,Mızrak,HubeybAsel,17,486,1527852073,nll
371,X-yay,TezalpTemir,18,418,1527831939,nll
372,Kılıç,ÇığBoyraz,48,439,1527843155,nll
373,Katar,VezirNacaroğlu,41,441,1527835808,nll
374,X-yay,TecimenAkçin,5,437,1527898695,nll
375,Çekiç,AğaTurşucu,183,453,1527786901,Sinan
376,Hançer,HayrulnisaErtürkler,105,425,1527880723,nll
377,X-yay,HudeybiyeAvşar,19,422,1527805488,nll
378,Cirit,KayaerKızmaz,149,490,1527898066,Sinan
379,Miğfer,BedayiÇelikçoban,69,426,1527884276,Ahmet
380,Cirit,ÖzdelPilten,200,411,1527788567,nll
381,Kukri,SevnurÇatma,117,466,1527845813,nll
382,Kılıç,BaydakKuvvetli,82,467,1527933102,nll
383,Mızrak,BaydakKuvvetli,16,403,1527835446,nll
384,Katar,SevnurÇatma,54,441,1527885966,Mesut
385,Katar,TüneyKayacı,109,420,1527858447,nll
386,Sapan,ÖzdağTekbaş,122,433,1527910287,nll
387,Miğfer,AlametBelgen,56,415,1527788408,nll
388,X-yay,AlaaddinBirler,121,434,1527921960,nll
389,Ok,ÖgetürkYeşilçayır,123,488,1527813568,nll
390,Hasta,CelayirŞenol,194,437,1527903966,nll
391,Koçbaşı,RükunetTüzünyeter,72,467,1527828510,Sinan
392,Rum ateşi,ErboyBilen,64,487,1527912406,nll
393,Kılıç,AldemirÖzdeş,143,495,1527779523,nll
394,Kılıç,TufeylMutlu,29,453,1527895793,nll
395,Rum ateşi,GünhanSelçuk,52,404,1527859678,nll
396,X-yay,AlaaddinBirler,65,443,1527850068,Ahmet
397,Koçbaşı,TufeylMutlu,86,445,1527877720,nll
398,Cirit,MasumeYıldırımer,24,496,1527866638,nll
399,Zırh,AlaaddinBirler,60,418,1527778436,nll
400,Şimşir,HudeybiyeAvşar,140,414,1527803374,nll
401,Hançer,OrukArıcı,198,411,1527755228,nll
402,Çekiç,ŞehmuzTozar,156,454,1527826284,nll
403,Kolçak,NasrullahDemirdil,183,478,1527872113,nll
404,Topuz,EbubekirKaryemez,52,430,1527846892,nll
405,Topuz,FericanGözükara,117,411,1527776134,nll
406,Döğen,ŞiremSoğukpınar,49,408,1527848613,nll
407,Sopa,ŞühedaSandıkcı,20,402,1527902630,nll
408,Cirit,KaynakBarut,138,474,1527878920,nll
409,Döğen,SadıkaBirler,33,458,1527792481,nll
410,Sopa,ÖgetürkYeşilçayır,54,408,1527788196,nll
411,Kamçı,ŞermiDağtekin,192,459,1527841293,nll
412,Kalkan,GöknilYüksek,111,459,1527918167,nll
413,Dart,EretnaYalçın,175,403,1527802436,nll
414,Kamçı,SiyasetKarçiçeği,171,441,1527924516,nll
415,Mızrak,MünzirBirşey,32,471,1527887334,nll
416,Gürz,ÖgetürkYeşilçayır,171,419,1527766575,Mesut
417,Zıpkın,TebşireTokay,181,494,1527769503,nll
418,Cirit,ÖzdelPilten,98,491,1527790384,nll
419,Hasta,BaydakKuvvetli,112,499,1527855583,nll
420,Miğfer,MemunNorgaz,33,420,1527905415,nll
421,Ok,MuradSarıdağ,43,452,1527885613,nll
422,Kamçı,BedelAloğlu,149,470,1527860325,Sinan
423,Gürz,MünzirBirşey,173,406,1527851383,nll
424,X-yay,TuğsavaşErçin,35,434,1527819777,nll
425,Yay,KayaerKızmaz,83,435,1527812559,nll
426,Bıçak,NasrullahDemirdil,18,401,1527814619,nll
427,Yay,ZevahirButanri,152,471,1527879214,nll
428,Kılıç,HüsrevSavaşlı,131,476,1527867684,nll
429,Gürz,ÖzdelPilten,29,446,1527818705,nll
430,Katar,NasrullahDemirdil,84,442,1527806224,Sinan
431,Yay,AydınSüleymanoğlu,137,481,1527827191,nll
432,Yay,SebreKale,197,494,1527777744,nll
433,Zıpkın,ÖzdelPilten,116,422,1527898121,nll
434,Çekiç,FahriyeGülüm,176,447,1527931963,Mesut
435,Ok,TuğsavaşErçin,196,445,1527817671,nll
436,Döğen,MuktedirOrmankıran,59,410,1527756239,nll
437,Ok,YenbuMumcu,166,420,1527813516,nll
438,Sapan,MasumeYıldırımer,98,483,1527883065,nll
439,Topuz,KayaerKızmaz,33,457,1527816561,nll
440,Miğfer,BaydakKuvvetli,104,437,1527838381,nll
441,Balta,TalutTaş,132,485,1527806861,nll
442,Koçbaşı,EzheranOyucu,60,483,1527826747,nll
443,Yay,SadıkaBirler,113,495,1527808610,nll
444,Kamçı,TebşireTokay,59,461,1527915996,nll
445,Kamçı,SelvihanÇilek,34,415,1527876069,nll
446,Tatar yayı,ÖztinerAytop,112,458,1527899231,nll
447,Zıpkın,AlaaddinBirler,127,415,1527851121,Sinan
448,Kukri,ArtimurTomak,35,440,1527817484,nll
449,Mızrak,ZiverbeyÖztemiz,142,411,1527806794,nll
450,Kukri,MütealAğdemir,42,486,1527884709,nll
451,Mızrak,EdrisMirza,119,453,1527809325,nll
452,Gürz,ŞiremSoğukpınar,7,477,1527758948,nll
453,Cirit,VezirNacaroğlu,142,470,1527762412,nll
454,Zırh,TuğsavaşErçin,25,432,1527923935,nll
455,Hançer,AlametBelgen,133,471,1527821239,nll
456,Katar,GülbaharBakay,40,480,1527806622,nll
457,Mızrak,TalutTaş,194,414,1527792089,nll
458,Cirit,ÖgetürkYeşilçayır,37,423,1527892159,nll
459,Ok,CannurTubay,187,420,1527835906,nll
460,Tatar yayı,EretnaYalçın,146,476,1527770249,Sinan
461,Kolçak,SelvihanÇilek,37,482,1527857411,nll
462,Sopa,MünzirBirşey,73,412,1527822275,nll
463,Dart,TebşireTokay,131,439,1527790534,nll
464,Cirit,YenbuMumcu,33,405,1527773885,nll
465,Döğen,SeyranApo,51,494,1527912442,nll
466,Bumerang,AğaTurşucu,44,414,1527812663,nll
467,Mızrak,TecimenAkçin,35,401,1527821689,nll
468,Cirit,CannurTubay,125,428,1527907341,nll
469,Sapan,RükunetTüzünyeter,83,443,1527810038,nll
470,Asa,SevbanMeşe,33,459,1527790579,nll
471,Kılıç,SevnurÇatma,110,429,1527865305,nll
472,X-yay,MemunNorgaz,45,423,1527806669,nll
473,Tatar yayı,BeysunDurgun,191,452,1527856514,nll
474,Kukri,SaraçAlkanalkaçidam,106,410,1527770141,nll
475,Kılıç,ŞahsınurArpacı,194,430,1527892723,nll
476,Rum ateşi,GünhanSelçuk,160,463,1527834197,nll
477,Gürz,HudeybiyeAvşar,17,482,1527922434,nll
478,Asa,BeysunDurgun,62,466,1527911295,nll
479,Hasta,HudeybiyeAvşar,3,478,1527786915,nll
480,Asa,ArtimurTomak,74,467,1527799406,nll
481,Miğfer,MuradSarıdağ,42,443,1527882929,Mesut
482,Hançer,KırdarBaydar,67,405,1527903819,nll
483,Bıçak,ÖgetürkYeşilçayır,43,481,1527843871,nll
484,Balta,ŞühedaSandıkcı,182,468,1527854124,nll
485,Hasta,SafderBurak,162,482,1527776455,nll
486,Yay,AydınSüleymanoğlu,67,416,1527843255,nll
487,Şimşir,MünzirBirşey,31,437,1527884936,nll
488,Şimşir,BerrinAykol,28,463,1527925885,nll
489,Asa,EzheranOyucu,178,454,1527786086,nll
490,Zırh,MaksumTandoğan,186,436,1527840920,nll
491,Cirit,FericanGözükara,102,410,1527895579,nll
492,Hançer,ÖzdelPilten,192,463,1527912436,nll
493,Şimşir,ÇığBoyraz,30,489,1527814629,nll
494,Hasta,TalutTaş,109,400,1527892467,Mesut
495,Tatar yayı,AğaTurşucu,46,466,1527764404,nll
496,Katar,OykutKaraçoban,16,424,1527814606,nll
497,X-yay,ŞiremSoğukpınar,51,434,1527924682,nll
498,Rum ateşi,NasrullahDemirdil,123,493,1527807339,nll
499,Kamçı,BedelAloğlu,59,443,1527890767,nll
500,Miğfer,KaynakBarut,183,402,1527933340,nll
501,Dart,BaydakKuvvetli,181,478,1527875862,nll
502,Zırh,SinemGülseren,57,463,1527819447,nll
503,Döğen,FahriyeGülüm,195,406,1527816565,nll
504,Şimşir,GöknilYüksek,161,439,1527821645,nll
505,Zırh,SinemGülseren,23,406,1527819914,nll
506,Sopa,VarideUyar,103,455,1527759595,nll
507,Döğen,ZehrevanGözükara,200,489,1527891410,Ahmet
508,Sapan,SebreKale,40,494,1527853471,nll
509,Tatar yayı,FericanGözükara,65,413,1527764286,nll
510,Bıçak,SafderBurak,185,477,1527857036,nll
511,Ok,AldemirÖzdeş,83,500,1527932113,nll
512,Kolçak,EdrisMirza,136,419,1527908849,nll
513,Gürz,MuradSarıdağ,97,490,1527833904,nll
514,X-yay,TüneyKayacı,156,491,1527857421,nll
515,X-yay,TufeylMutlu,163,402,1527810401,nll
516,Asa,KaynakBarut,161,487,1527803716,nll
517,Koçbaşı,ŞühedaSandıkcı,100,452,1527853582,Sinan
518,Bıçak,TemaşaKorucu,194,415,1527811621,nll
519,X-yay,BaşakÖdemiş,157,484,1527895475,nll
520,Yay,BaydakKuvvetli,33,449,1527794121,Sinan
521,Kılıç,ÖzdağTekbaş,157,455,1527878351,nll
522,Gürz,ZahireAçıkgöz,151,483,1527782871,nll
523,Mızrak,SevbanMeşe,62,458,1527771998,nll
524,Rum ateşi,ŞiremSoğukpınar,23,461,1527834100,nll
525,Balta,ÖztinerAytop,153,406,1527859880,Mesut
526,Mızrak,TalutTaş,53,465,1527851335,nll
527,Döğen,ÖztinerAytop,200,475,1527821384,nll
528,Mızrak,BeysunDurgun,138,476,1527760000,nll
529,Sapan,CelayirŞenol,45,500,1527924256,nll
530,Hançer,VarideUyar,100,495,1527835133,nll
531,Kolçak,OrkutayÖzdil,15,451,1527866083,nll
532,Balta,RükunetTüzünyeter,102,469,1527815314,nll
533,Rum ateşi,SiyasetKarçiçeği,129,461,1527931330,nll
534,Balta,EretnaYalçın,17,488,1527917457,nll
535,Çekiç,AldemirÖzdeş,140,424,1527908484,nll
536,Hançer,SiyasetKarçiçeği,103,427,1527840642,nll
537,Balta,BedayiÇelikçoban,124,491,1527785621,nll
538,Zıpkın,TemaşaKorucu,186,443,1527866594,nll
539,Bıçak,AydınSüleymanoğlu,165,434,1527790602,nll
540,Hançer,EbubekirKaryemez,75,464,1527833655,nll
541,Bumerang,GünhanSelçuk,55,469,1527838956,nll
542,Cirit,TüneyKayacı,77,432,1527885980,Mesut
543,Dart,HacibKürtoğlu,102,492,1527928958,nll
544,Kolçak,EdrisMirza,175,418,1527813010,nll
545,Tatar yayı,İberBirdir,61,442,1527767594,nll
546,Asa,MeknunÖzergündüz,195,402,1527798134,nll
547,X-yay,KayaerKızmaz,177,420,1527837190,nll
548,Döğen,ÇığBoyraz,104,410,1527795298,nll
549,Mızrak,SevbanMeşe,50,406,1527817874,nll
550,Rum ateşi,ÖztinerAytop,83,483,1527810353,nll
551,Kamçı,SinemGülseren,186,463,1527798505,nll
552,Bumerang,VezirNacaroğlu,153,429,1527789099,nll
553,Rum ateşi,AldemirÖzdeş,151,402,1527799545,nll
554,Sapan,TemaşaKorucu,197,428,1527873350,nll
555,Kolçak,ÇığBoyraz,184,474,1527871889,nll
556,Sapan,MünzirBirşey,84,468,1527810691,nll
557,Mızrak,İlknurTemel,113,479,1527773728,nll
558,X-yay,TebşireTokay,36,401,1527888140,nll
559,X-yay,ÖztinerAytop,133,412,1527904697,nll
560,Katar,AysunPaçacı,127,450,1527875465,nll
561,Koçbaşı,AysunPaçacı,185,458,1527758797,nll
562,Katar,CelayirŞenol,192,437,1527917996,nll
563,Kalkan,KayaerKızmaz,151,475,1527883348,nll
564,Topuz,MünzirBirşey,131,430,1527786944,nll
565,Kamçı,KunterBiler,27,417,1527817423,nll
566,Gürz,HüsrevSavaşlı,10,464,1527908825,nll
567,Sopa,MütealAğdemir,179,448,1527914919,nll
568,Kolçak,SinemGülseren,157,417,1527767300,nll
569,Kılıç,KunterBiler,96,449,1527880232,nll
570,Topuz,GöknilYüksek,52,400,1527770384,nll
571,Kalkan,AysenGürbüz,181,483,1527845507,nll
572,Bıçak,TebşireTokay,22,496,1527857284,nll
573,Zıpkın,BedelAloğlu,135,498,1527773740,nll
574,Yay,SinemGülseren,56,461,1527798735,Ahmet
575,Kukri,EdrisMirza,11,476,1527926182,nll
576,Yay,FehimeOyan,68,411,1527790195,nll
577,Ok,ZiverbeyÖztemiz,35,485,1527923815,nll
578,Bumerang,BigeAktaşgil,166,411,1527906861,Mesut
579,Dart,SiyasetKarçiçeği,12,460,1527835018,nll
580,Hasta,ArtimurTomak,86,404,1527820657,nll
581,Kukri,ÖzdağTekbaş,23,421,1527933431,nll
582,Rum ateşi,CelayirŞenol,32,482,1527789017,nll
583,Hasta,AydınSüleymanoğlu,69,469,1527869837,nll
584,Cirit,ZahireAçıkgöz,67,424,1527845192,nll
585,Zırh,OykutKaraçoban,149,461,1527893288,Sinan
586,Döğen,MasumeYıldırımer,112,464,1527884300,nll
587,Sapan,BerrinAykol,115,499,1527904531,nll
588,Dart,SevbanMeşe,57,465,1527905164,nll
589,Balta,TebşireTokay,15,418,1527813142,nll
590,Kalkan,TebşireTokay,165,482,1527911073,Ahmet
591,Mızrak,FericanGözükara,39,445,1527788968,nll
592,Kamçı,AlaaddinBirler,45,494,1527911975,nll
593,Çekiç,SevnurÇatma,197,438,1527864320,nll
594,Gürz,SadıkaBirler,19,417,1527841715,nll
595,Katar,BerrinAykol,127,493,1527785478,nll
596,Şimşir,FericanGözükara,102,447,1527913986,nll
597,Bıçak,TemaşaKorucu,21,422,1527846360,nll
598,Sapan,SafderBurak,85,494,1527890439,nll
599,Tatar yayı,HayrulnisaErtürkler,190,427,1527821080,nll
600,Hançer,ÖztinerAytop,147,412,1527820024,nll
601,Topuz,BigeAktaşgil,52,459,1527881414,nll
602,Tatar yayı,MuradSarıdağ,96,483,1527869745,nll
603,Balta,AlametBelgen,178,421,1527841735,nll
604,Tatar yayı,OykutKaraçoban,30,419,1527860504,nll
605,Çekiç,TuğsavaşErçin,22,470,1527876880,nll
606,Zıpkın,RükunetTüzünyeter,90,478,1527929771,nll
607,Topuz,DanaBozdağtulum,12,482,1527784862,nll
608,Kalkan,BedayiÇelikçoban,85,470,1527812732,nll
609,Kamçı,SinemGülseren,11,405,1527755668,nll
610,Bıçak,BerrinAykol,109,405,1527926238,nll
611,Katar,ŞermiDağtekin,134,411,1527877810,nll
612,Tatar yayı,MütealAğdemir,98,493,1527842689,nll
613,Kolçak,OrukArıcı,39,495,1527755118,nll
614,Dart,VarideUyar,183,471,1527811057,nll
615,Rum ateşi,EdrisMirza,101,400,1527924745,Mesut
616,Mızrak,SevnurÇatma,157,483,1527883494,nll
617,Hasta,KırdarBaydar,85,477,1527934508,nll
618,Bıçak,ŞühedaSandıkcı,142,450,1527782710,nll
619,Sopa,AlaaddinBirler,176,483,1527856453,nll
620,Zırh,ZahireAçıkgöz,48,487,1527809254,nll
621,Dart,OykutKaraçoban,130,477,1527933236,Ahmet
622,Rum ateşi,İlknurTemel,162,453,1527930682,nll
623,Miğfer,ÖztinerAytop,38,445,1527805834,nll
624,Katar,OnulAndiç,42,429,1527869447,nll
625,Hançer,ÖgetürkYeşilçayır,101,476,1527828285,nll
626,Hasta,OrukArıcı,172,496,1527877459,nll
627,Kolçak,OnulAndiç,127,420,1527769810,Ahmet
628,Ok,AlaaddinBirler,103,474,1527806041,Mesut
629,Kalkan,CannurTubay,173,497,1527814711,nll
630,Kamçı,SiyasetKarçiçeği,140,499,1527841345,nll
631,Gürz,BedelAloğlu,134,462,1527825490,nll
632,Çekiç,KunterBiler,56,437,1527837186,nll
633,Kılıç,OrukArıcı,157,429,1527849660,nll
634,Ok,HayrulnisaErtürkler,54,457,1527829187,nll
635,Asa,MeftuneKırçil,18,403,1527771487,nll
636,Zıpkın,CannurTubay,193,401,1527779099,nll
637,Kılıç,MuradSarıdağ,133,448,1527845526,nll
638,Çekiç,SaygurKeserkaragöz,83,478,1527844878,nll
639,Mızrak,UserLüle,170,460,1527922526,nll
640,Koçbaşı,ÖgetürkYeşilçayır,188,498,1527923495,nll
641,Hasta,MaksumTandoğan,140,469,1527801731,nll
642,Bıçak,ÖzdağTekbaş,151,455,1527883236,nll
643,Koçbaşı,ÖzdağTekbaş,77,425,1527905225,nll
644,Katar,ŞiremSoğukpınar,64,434,1527912923,nll
645,Tatar yayı,OrukArıcı,38,419,1527807664,nll
646,Mızrak,ArtimurTomak,74,422,1527766018,nll
647,Yay,TufeylMutlu,195,448,1527905182,nll
648,Miğfer,GöknilYüksek,59,444,1527813489,nll
649,Cirit,MemunNorgaz,195,465,1527813393,nll
650,Kukri,ŞeküreKodaş,137,488,1527897147,nll
651,Cirit,TuğsavaşErçin,28,496,1527924818,nll
652,Kolçak,MülayimTuttokmağı,153,473,1527841984,nll
653,Kamçı,ZiverbeyÖztemiz,130,445,1527853563,nll
654,Dart,ÇığBoyraz,164,410,1527777031,nll
655,Miğfer,ÖzdelPilten,130,491,1527791989,nll
656,Tatar yayı,DanaBozdağtulum,14,428,1527843693,nll
657,Kamçı,NasrullahDemirdil,81,477,1527769954,nll
658,Balta,HüsrevSavaşlı,165,485,1527887826,nll
659,Çekiç,AlaaddinBirler,3,494,1527827526,nll
660,Mızrak,EdrisMirza,46,493,1527781767,nll
661,Mızrak,SeyranApo,49,483,1527873236,Sinan
662,Çekiç,SiyasetKarçiçeği,111,426,1527811886,nll
663,Hasta,BerrinAykol,183,435,1527862433,nll
664,Miğfer,SevbanMeşe,32,440,1527766499,nll
665,Kukri,EzheranOyucu,49,458,1527856528,nll
666,Mızrak,ZehrevanGözükara,25,461,1527930681,nll
667,Şimşir,MalikKarul,80,442,1527835497,nll
668,Koçbaşı,SafderBurak,40,401,1527895631,nll
669,Bumerang,BaşakÖdemiş,98,406,1527918266,nll
670,Rum ateşi,TebşireTokay,199,400,1527828838,nll
671,Hançer,GünhanSelçuk,86,404,1527769644,nll
672,Zırh,EzheranOyucu,183,484,1527766172,nll
673,Koçbaşı,VezirNacaroğlu,64,425,1527894755,nll
674,Dart,SeyranApo,200,445,1527762144,nll
675,Şimşir,HüsrevSavaşlı,191,444,1527924084,nll
676,Cirit,AlametBelgen,112,412,1527825988,Ahmet
677,Koçbaşı,FericanGözükara,131,488,1527895782,nll
678,Balta,EretnaYalçın,181,405,1527834130,nll
679,Sapan,İlknurTemel,89,430,1527900693,nll
680,Topuz,AldemirÖzdeş,77,486,1527763120,nll
681,Koçbaşı,ZiverbeyÖztemiz,162,452,1527803096,nll
682,Sopa,ŞeküreKodaş,25,492,1527848866,nll
683,Dart,ÖztinerAytop,197,444,1527894251,nll
684,Hasta,MemunNorgaz,128,440,1527826182,nll
685,Sopa,YenbuMumcu,159,429,1527884441,nll
686,Koçbaşı,SaraçAlkanalkaçidam,108,412,1527861611,nll
687,Miğfer,SeyranApo,52,488,1527801463,nll
688,Zırh,ErboyBilen,32,467,1527830466,nll
689,Asa,BaydakKuvvetli,183,496,1527792924,nll
690,Zıpkın,BigeAktaşgil,125,455,1527783228,nll
691,Bıçak,VarideUyar,194,455,1527894567,nll
692,Zıpkın,SebreKale,92,468,1527808068,nll
693,Bıçak,ŞermiDağtekin,63,462,1527908149,nll
694,Sopa,SevnurÇatma,167,448,1527832748,nll
695,Zıpkın,SevbanMeşe,70,432,1527890371,nll
696,Hançer,CannurTubay,102,480,1527772737,nll
697,Ok,CelayirŞenol,8,436,1527928157,Ahmet
698,Bumerang,HüsrevSavaşlı,102,415,1527854704,nll
699,Hasta,FericanGözükara,13,451,1527830708,nll
700,Tatar yayı,VarışArslan,175,460,1527915276,Sinan
701,Sopa,HayrulnisaErtürkler,1,498,1527849194,nll
702,Cirit,GülbaharBakay,156,492,1527921612,nll
703,Sopa,TalutTaş,58,497,1527770629,nll
704,Sopa,AysenGürbüz,195,448,1527897515,nll
705,Mızrak,BedelAloğlu,77,419,1527811766,nll
706,Kılıç,GülbaharBakay,117,476,1527817967,nll
707,Zırh,SaygurKeserkaragöz,189,451,1527858057,nll
708,Sapan,AysunPaçacı,67,436,1527902133,nll
709,Gürz,TezalpTemir,44,446,1527853105,nll
710,Koçbaşı,AysunPaçacı,178,427,1527798743,nll
711,Hasta,RükunetTüzünyeter,152,470,1527903695,nll
712,Cirit,HüsrevSavaşlı,44,448,1527842769,nll
713,Ok,HacibKürtoğlu,70,419,1527827434,nll
714,Koçbaşı,EzheranOyucu,1,401,1527850811,nll
715,Dart,MalikKarul,56,427,1527850588,nll
716,Mızrak,EdrisMirza,91,480,1527785607,Mesut
717,Şimşir,CelayirŞenol,127,420,1527848469,nll
718,Koçbaşı,MeknunÖzergündüz,185,477,1527812540,nll
719,Mızrak,MünzirBirşey,127,486,1527766477,nll
720,Sopa,MaksumTandoğan,165,471,1527820038,Mesut
721,Sapan,MünzirBirşey,89,484,1527782969,nll
722,Döğen,FericanGözükara,152,493,1527852749,nll
723,Döğen,AldemirÖzdeş,128,499,1527778917,nll
724,Kukri,BerrinAykol,23,476,1527792595,nll
725,Rum ateşi,ÖgetürkYeşilçayır,108,479,1527917093,nll
726,Miğfer,BigeAktaşgil,179,479,1527804992,nll
727,Kamçı,BaşakÖdemiş,176,404,1527902278,nll
728,Rum ateşi,EbubekirKaryemez,12,461,1527913950,nll
729,Balta,TecimenAkçin,109,416,1527924942,nll
730,Kılıç,OrkutayÖzdil,9,472,1527834693,nll
731,Çekiç,SeyranApo,176,441,1527864341,nll
732,Asa,BerrinAykol,171,446,1527896834,nll
733,Miğfer,GülbaharBakay,193,489,1527854884,nll
734,Kalkan,EretnaYalçın,52,437,1527775403,nll
735,Yay,VezirNacaroğlu,164,477,1527906827,nll
736,Rum ateşi,GülbaharBakay,60,409,1527923266,nll
737,Şimşir,KaynakBarut,8,440,1527810342,nll
738,Kukri,ErboyBilen,78,487,1527863968,nll
739,Topuz,RevahaPınar,190,417,1527858226,nll
740,Hasta,FericanGözükara,3,499,1527856088,nll
741,Asa,MalikKarul,30,438,1527814005,nll
742,Dart,ÇığBoyraz,150,491,1527821218,nll
743,Sapan,ŞeküreKodaş,122,445,1527802540,Ahmet
744,Miğfer,ZiverbeyÖztemiz,124,403,1527933482,nll
745,Yay,VezirNacaroğlu,162,401,1527904207,nll
746,Cirit,MütealAğdemir,187,422,1527910841,Ahmet
747,Kalkan,BigeAktaşgil,99,454,1527771332,nll
748,Bıçak,ÖzdağTekbaş,19,488,1527881407,nll
749,Asa,TemaşaKorucu,42,453,1527801402,nll
750,Sopa,SebreKale,172,481,1527836271,nll
751,X-yay,VarideUyar,154,440,1527905175,nll
752,Dart,CannurTubay,131,428,1527870536,nll
753,Zırh,UserLüle,134,492,1527821519,nll
754,Bıçak,MalikKarul,194,441,1527828584,nll
755,Mızrak,SaraçAlkanalkaçidam,180,477,1527778797,nll
756,Kalkan,AysunPaçacı,97,477,1527817312,nll
757,Sopa,ŞehmuzTozar,12,472,1527841495,nll
758,Asa,ÖztinerAytop,146,478,1527799432,nll
759,Kukri,SevbanMeşe,110,449,1527763369,nll
760,Döğen,SeyranApo,63,483,1527883080,nll
761,Sopa,AysenGürbüz,183,489,1527863693,nll
762,Kılıç,EretnaYalçın,135,492,1527809911,nll
763,Kamçı,MuradSarıdağ,32,403,1527805078,nll
764,Hasta,ÖzdağTekbaş,130,436,1527830285,nll
765,Mızrak,RevahaPınar,123,423,1527919724,nll
766,Bıçak,MütealAğdemir,186,424,1527797701,nll
767,Döğen,SevbanMeşe,59,468,1527771551,nll
768,Zırh,SaygurKeserkaragöz,79,474,1527905201,Ahmet
769,Yay,BerrinAykol,134,433,1527895464,Ahmet
770,Kamçı,KırdarBaydar,63,475,1527849626,nll
771,Ok,HüsrevSavaşlı,17,474,1527776079,nll
772,Bumerang,ŞahsınurArpacı,14,449,1527861721,nll
773,Cirit,OrukArıcı,134,473,1527833491,nll
774,Kolçak,SebreKale,193,437,1527900125,nll
775,Mızrak,SiyasetKarçiçeği,84,494,1527822733,nll
776,Hasta,TuğsavaşErçin,120,470,1527860385,Sinan
777,Şimşir,ÖzdelPilten,106,494,1527912949,nll
778,Sopa,SinemGülseren,67,498,1527788321,nll
779,Tatar yayı,BedelAloğlu,162,478,1527892640,nll
780,Katar,ŞeküreKodaş,72,403,1527833246,nll
781,Koçbaşı,HudeybiyeAvşar,189,436,1527859812,nll
782,Kukri,MasumeYıldırımer,81,447,1527920424,nll
783,Kalkan,İlknurTemel,45,499,1527822262,nll
784,Topuz,MünzirBirşey,190,453,1527876803,nll
785,Tatar yayı,VarideUyar,71,424,1527756414,nll
786,Topuz,AysenGürbüz,85,490,1527829769,nll
787,Sapan,AlaaddinBirler,172,450,1527861511,nll
788,Bıçak,MuradSarıdağ,43,486,1527850216,nll
789,Mızrak,NasrullahDemirdil,93,440,1527918403,nll
790,Şimşir,ÖztinerAytop,187,457,1527799825,nll
791,Kukri,ŞehmuzTozar,121,418,1527890181,nll
792,Mızrak,AğaTurşucu,153,468,1527867974,nll
793,Yay,UserLüle,153,500,1527930108,nll
794,Kamçı,DanaBozdağtulum,80,435,1527925006,Ahmet
795,Tatar yayı,RükunetTüzünyeter,56,445,1527870932,Mesut
796,Hasta,AysunPaçacı,59,486,1527768022,Ahmet
797,Zıpkın,AysenGürbüz,99,408,1527785278,nll
798,Zırh,MütealAğdemir,56,407,1527774464,Ahmet
799,Şimşir,ErboyBilen,20,412,1527777680,nll
800,Kamçı,HudeybiyeAvşar,172,415,1527830923,nll
801,Hançer,BedayiÇelikçoban,101,495,1527796622,nll
802,Dart,EretnaYalçın,168,412,1527778723,nll
803,Bumerang,SevbanMeşe,47,426,1527865813,Sinan
804,Ok,SevnurÇatma,59,468,1527769723,nll
805,Balta,SadıkaBirler,134,477,1527772328,nll
806,Sopa,AlaaddinBirler,118,455,1527834745,nll
807,Kılıç,BigeAktaşgil,11,406,1527779947,nll
808,Rum ateşi,CelayirŞenol,81,465,1527774312,nll
809,Tatar yayı,ÖzdelPilten,133,499,1527754928,nll
810,Hançer,AysunPaçacı,197,445,1527903775,nll
811,Tatar yayı,HüsrevSavaşlı,182,461,1527781234,nll
812,Tatar yayı,KunterBiler,70,489,1527796865,nll
813,Dart,TebşireTokay,17,411,1527886182,Mesut
814,Tatar yayı,MemunNorgaz,192,424,1527759931,Sinan
815,Sopa,BaydakKuvvetli,26,495,1527865263,nll
816,Bıçak,YenbuMumcu,66,429,1527850844,nll
817,Şimşir,SevbanMeşe,9,437,1527849307,nll
818,Zırh,BaydakKuvvetli,28,403,1527792110,Sinan
819,Bıçak,YenbuMumcu,143,453,1527850658,nll
820,Kamçı,GöknilYüksek,110,486,1527915180,nll
821,Topuz,İberBirdir,26,458,1527931255,nll
822,Kılıç,SelvihanÇilek,25,410,1527768967,nll
823,Miğfer,BaydakKuvvetli,66,423,1527836333,nll
824,Zıpkın,BigeAktaşgil,155,454,1527799484,nll
825,Koçbaşı,KaynakBarut,27,451,1527875062,nll
826,Kamçı,ÇığBoyraz,146,448,1527867984,nll
827,Ok,SevbanMeşe,163,441,1527754564,nll
828,Topuz,KaynakBarut,43,433,1527833068,nll
829,Hasta,KunterBiler,180,417,1527796265,nll
830,Mızrak,ZehrevanGözükara,84,428,1527774327,nll
831,Koçbaşı,SaraçAlkanalkaçidam,69,441,1527873838,nll
832,Sapan,İberBirdir,90,489,1527825927,nll
833,Mızrak,FericanGözükara,59,420,1527901516,nll
834,Mızrak,SebreKale,186,449,1527849936,nll
835,Kukri,İberBirdir,14,487,1527842638,nll
836,Ok,SelvihanÇilek,31,437,1527841238,nll
837,Zırh,SebreKale,70,474,1527873341,nll
838,Şimşir,ŞühedaSandıkcı,34,436,1527816013,nll
839,Hasta,AğaTurşucu,73,474,1527933029,nll
840,Sopa,MaksumTandoğan,56,459,1527785798,nll
841,Şimşir,BaşakÖdemiş,146,485,1527912298,nll
842,Mızrak,HüsrevSavaşlı,15,473,1527888001,nll
843,Asa,RevahaPınar,39,431,1527886222,nll
844,Bıçak,AlaaddinBirler,132,424,1527897579,nll
845,Zırh,ErboyBilen,65,423,1527799478,nll
846,Kılıç,SaraçAlkanalkaçidam,119,407,1527763571,nll
847,Dart,AysenGürbüz,38,476,1527848967,nll
848,X-yay,BerrinAykol,79,448,1527887622,nll
849,Mızrak,YenbuMumcu,13,500,1527803846,nll
850,Mızrak,ZiverbeyÖztemiz,127,500,1527757283,nll
851,Topuz,FahriyeGülüm,117,447,1527841816,nll
852,Mızrak,ÖztinerAytop,12,440,1527823001,nll
853,Balta,KırdarBaydar,48,494,1527757626,nll
854,Katar,ZevahirButanri,74,494,1527766985,nll
855,Döğen,AlametBelgen,139,438,1527899503,nll
856,Sapan,FericanGözükara,157,483,1527819440,nll
857,Koçbaşı,İberBirdir,122,462,1527929916,nll
858,Kukri,SaraçAlkanalkaçidam,73,439,1527890379,nll
859,Kılıç,AğaTurşucu,30,474,1527772838,nll
860,Dart,HacibKürtoğlu,46,402,1527809372,nll
861,X-yay,SiyasetKarçiçeği,153,473,1527891048,nll
862,Kılıç,SinemGülseren,11,425,1527791264,nll
863,Topuz,MuradSarıdağ,165,415,1527860870,nll
864,Rum ateşi,VezirNacaroğlu,23,411,1527807720,nll
865,Sopa,OnulAndiç,21,466,1527856096,nll
866,Dart,GöknilYüksek,62,492,1527932674,nll
867,Kamçı,ÖzdağTekbaş,133,485,1527841810,nll
868,Cirit,MasumeYıldırımer,14,441,1527928142,nll
869,Kılıç,EbubekirKaryemez,193,436,1527883950,nll
870,Kukri,TebşireTokay,58,488,1527887725,nll
871,Şimşir,FehimeOyan,65,461,1527764168,nll
872,Topuz,HayrulnisaErtürkler,193,475,1527795263,nll
873,X-yay,ŞehmuzTozar,134,400,1527832852,nll
874,Hasta,BedayiÇelikçoban,78,495,1527890534,nll
875,Rum ateşi,ŞühedaSandıkcı,78,481,1527791057,Sinan
876,Hançer,SevnurÇatma,38,465,1527895513,nll
877,Topuz,EzheranOyucu,98,428,1527835894,nll
878,Asa,AğaTurşucu,103,423,1527801478,nll
879,Çekiç,HubeybAsel,76,463,1527830139,nll
880,Bumerang,TezalpTemir,91,436,1527823932,nll
881,Tatar yayı,KırdarBaydar,186,457,1527782436,nll
882,Sapan,SaygurKeserkaragöz,23,403,1527888858,Mesut
883,Zırh,SaraçAlkanalkaçidam,153,421,1527882402,nll
884,Kalkan,BeysunDurgun,82,485,1527813064,nll
885,Şimşir,KaynakBarut,13,421,1527858535,nll
886,Yay,TufeylMutlu,151,493,1527915654,nll
887,Katar,RükunetTüzünyeter,50,448,1527849863,nll
888,Katar,OrukArıcı,109,412,1527756763,nll
889,Cirit,AysunPaçacı,67,468,1527902891,nll
890,Kamçı,BaşakÖdemiş,38,481,1527876926,nll
891,Ok,VarışArslan,78,456,1527903016,nll
892,Bıçak,ŞehmuzTozar,187,499,1527905085,nll
893,Kamçı,OykutKaraçoban,135,455,1527860486,Ahmet
894,Kamçı,İlknurTemel,126,492,1527932100,nll
895,Zıpkın,MaksumTandoğan,64,488,1527850464,nll
896,Koçbaşı,OrkutayÖzdil,13,450,1527824089,nll
897,Sopa,ErboyBilen,86,468,1527762359,nll
898,Kukri,DanaBozdağtulum,112,446,1527857638,nll
899,Katar,DanaBozdağtulum,124,458,1527897703,nll
900,Miğfer,AydınSüleymanoğlu,96,406,1527926184,nll
901,Sapan,AysenGürbüz,149,469,1527906061,nll
902,Sopa,SelvihanÇilek,174,418,1527814984,nll
903,Rum ateşi,ZiverbeyÖztemiz,153,426,1527833629,Sinan
904,Tatar yayı,SaygurKeserkaragöz,114,413,1527769979,nll
905,Mızrak,SevbanMeşe,184,457,1527928840,nll
906,Zıpkın,TecimenAkçin,94,489,1527779887,nll
907,X-yay,ZahireAçıkgöz,68,434,1527762564,nll
908,Sopa,MeknunÖzergündüz,133,466,1527875800,nll
909,Koçbaşı,MütealAğdemir,193,433,1527894242,nll
910,Bumerang,EdrisMirza,196,478,1527865772,nll
911,Topuz,MünzirBirşey,67,473,1527772705,nll
912,X-yay,DoğanalpBozyurt,126,430,1527912298,nll
913,Kamçı,ÇığBoyraz,89,496,1527919629,nll
914,Kolçak,BeysunDurgun,34,453,1527905605,nll
915,Sopa,YenbuMumcu,89,438,1527762574,nll
916,Topuz,CelayirŞenol,197,401,1527866406,Ahmet
917,Bumerang,BedayiÇelikçoban,32,410,1527906228,nll
918,Mızrak,DoğanalpBozyurt,67,500,1527802978,nll
919,Kamçı,YenbuMumcu,119,410,1527794242,nll
920,Bumerang,TecimenAkçin,136,411,1527862587,nll
921,Asa,RükunetTüzünyeter,156,452,1527852146,nll
922,Kılıç,VarışArslan,192,455,1527779646,nll
923,Koçbaşı,MeknunÖzergündüz,141,450,1527790203,nll
924,Kamçı,MuradSarıdağ,194,440,1527789065,nll
925,Mızrak,ErboyBilen,153,420,1527876133,Ahmet
926,Koçbaşı,HacibKürtoğlu,86,471,1527886999,nll
927,Zırh,EbubekirKaryemez,163,485,1527899381,nll
928,Koçbaşı,CelayirŞenol,121,456,1527889949,nll
929,Bumerang,MünzirBirşey,25,489,1527819509,nll
930,Bıçak,SevnurÇatma,173,491,1527833441,nll
931,Sapan,AldemirÖzdeş,172,482,1527918521,nll
932,Kalkan,ErboyBilen,110,429,1527800232,nll
933,Çekiç,KaynakBarut,133,455,1527905308,nll
934,Miğfer,OrukArıcı,43,450,1527767405,nll
935,X-yay,BerrinAykol,102,490,1527845264,nll
936,Sopa,ZehrevanGözükara,159,400,1527903260,nll
937,Mızrak,GöknilYüksek,153,483,1527819729,nll
938,Hasta,ArtimurTomak,68,410,1527774990,nll
939,Çekiç,TezalpTemir,72,467,1527810964,nll
940,Zıpkın,YenbuMumcu,34,476,1527797970,nll
941,Rum ateşi,VarideUyar,90,410,1527912966,nll
942,Zıpkın,RükunetTüzünyeter,50,416,1527887046,nll
943,Cirit,EretnaYalçın,97,438,1527822707,Sinan
944,Asa,BaydakKuvvetli,76,449,1527884290,nll
945,Rum ateşi,ÖzdağTekbaş,193,428,1527927189,nll
946,Kukri,MaksumTandoğan,107,469,1527835735,nll
947,Hançer,FericanGözükara,174,428,1527783814,nll
948,Miğfer,TufeylMutlu,73,462,1527778628,nll
949,Kalkan,SafderBurak,97,427,1527779357,nll
950,Balta,FehimeOyan,11,429,1527792985,nll
951,Yay,SiyasetKarçiçeği,147,474,1527889839,nll
952,Sapan,AğaTurşucu,97,441,1527842960,Mesut
953,Döğen,BeysunDurgun,181,407,1527775347,nll
954,Çekiç,ŞahsınurArpacı,54,431,1527878621,nll
955,Kolçak,TecimenAkçin,69,484,1527812113,nll
956,Kukri,ÖztinerAytop,115,484,1527871625,nll
957,Hasta,ZahireAçıkgöz,134,459,1527785512,nll
958,Rum ateşi,SevbanMeşe,112,459,1527819223,nll
959,Koçbaşı,EzheranOyucu,19,491,1527779517,nll
960,Kamçı,DoğanalpBozyurt,63,431,1527903029,nll
961,Cirit,KaynakBarut,23,438,1527784765,nll
962,Sopa,KırdarBaydar,172,491,1527779439,nll
963,Sopa,AysunPaçacı,148,484,1527820606,nll
964,Topuz,MemunNorgaz,118,491,1527884772,nll
965,Çekiç,SevbanMeşe,46,460,1527860927,nll
966,Rum ateşi,RükunetTüzünyeter,188,416,1527803557,nll
967,Mızrak,ÖgetürkYeşilçayır,67,497,1527866311,nll
968,Cirit,KayaerKızmaz,193,471,1527928578,nll
969,Topuz,SafderBurak,9,467,1527801711,nll
970,Bıçak,GöknilYüksek,110,463,1527928634,Ahmet
971,Mızrak,YenbuMumcu,78,421,1527876645,nll
972,Kolçak,GülbaharBakay,159,442,1527764799,Ahmet
973,Sopa,OrkutayÖzdil,164,424,1527833739,nll
974,Koçbaşı,SafderBurak,200,433,1527895416,nll
975,Döğen,ŞehmuzTozar,177,441,1527788063,nll
976,Hançer,MuradSarıdağ,172,403,1527867780,nll
977,Sapan,CannurTubay,9,484,1527927656,nll
978,Kılıç,BaydakKuvvetli,67,420,1527766267,nll
979,X-yay,BaydakKuvvetli,51,466,1527787358,nll
980,Yay,SadıkaBirler,50,441,1527777361,nll
981,Kolçak,ŞühedaSandıkcı,150,483,1527896929,nll
982,Kamçı,AğaTurşucu,123,400,1527916429,nll
983,Gürz,SeyranApo,67,430,1527797714,nll
984,Çekiç,GöknilYüksek,125,451,1527805191,nll
985,Koçbaşı,ÇığBoyraz,69,428,1527791699,nll
986,Bıçak,CelayirŞenol,56,422,1527815728,nll
987,Çekiç,ZevahirButanri,52,496,1527789940,nll
988,Bumerang,HayrulnisaErtürkler,185,460,1527760040,nll
989,Zıpkın,TezalpTemir,146,437,1527836471,nll
990,Yay,BaydakKuvvetli,57,461,1527756022,Sinan
991,Mızrak,TuğsavaşErçin,200,465,1527764514,nll
992,Cirit,OrkutayÖzdil,189,434,1527879610,nll
993,Mızrak,ÖzdelPilten,71,446,1527768065,nll
994,Katar,SafderBurak,24,444,1527913880,nll
995,Asa,SiyasetKarçiçeği,54,463,1527930155,nll
996,Kamçı,ŞühedaSandıkcı,198,442,1527835230,nll
997,Cirit,EretnaYalçın,154,405,1527764914,nll
998,Mızrak,OrkutayÖzdil,191,445,1527873883,nll
999,Cirit,UserLüle,45,436,1527902733,nll
1000,Kamçı,ŞiremSoğukpınar,63,458,1527903542,nll
